n,file,section,start,end,duration_sec,voiceover_ru,caption_en,animation_prompt
1,shots/S01_00-00_title-card.png,"Intro",00:00,00:04,4,"Firmspace CRM — продажи, общение с клиентами, задачи и бухгалтерия в одном окне. Давайте посмотрим, как это работает.","Firmspace CRM — product tour","Dark background with soft neon-lime light streaks sweeping across; the logo mark draws itself, then the title 'Firmspace CRM' fades up letter by letter with a subtle glow; ends on a gentle zoom-out."
2,shots/S02_00-04_landing-hero.png,"Intro",00:04,00:09,5,"Firmspace CRM — платформа, которая собирает продажи, общение с клиентами, задачи и бухгалтерию в одном окне.","Firmspace CRM — everything in one workspace","Hero section reveal: headline words fade up one by one, product mockup floats in with a slight 3D tilt, neon-lime gradient glow pulses behind."
3,shots/S03_00-09_login.png,"Intro",00:09,00:13,4,"Входим в личный кабинет по e-mail и паролю.","Sign in","Login modal scales in over a blurred hero, email text types in, password dots appear, sign-in button glows and pulses."
4,shots/S04_00-13_dashboard-overview.png,"Dashboard",00:13,00:19,6,"Добро пожаловать в Firmspace CRM. Главный экран показывает день целиком: события, задачи на сегодня, объявления команды и ключевые цифры.","Your whole day at a glance","Slow cinematic push-in on a dark dashboard UI, neon-lime accents glow softly; widgets (events, tasks, announcements) fade and slide in one by one from the bottom with a subtle parallax; smooth 60fps, premium SaaS promo style."
5,shots/S05_00-19_dashboard-charts.png,"Dashboard",00:19,00:24,5,"Ниже — динамика закрытых сделок и прогресс по задачам. Видно, сколько выполнено, что в работе и что просрочено.","Deals and tasks analytics","Camera scrolls down the dashboard; the line chart draws itself from left to right and the donut chart fills clockwise with lime, orange and red segments while the percentage counts up; soft glow, clean motion graphics."
6,shots/S06_00-24_iris-assistant.png,"AI assistant",00:24,00:30,6,"Firmspace AI — встроенный ассистент Iris. Вызывается по Ctrl/⌘+K: спросите словами, и он найдёт данные, создаст задачу или перенесёт сделку.","Ask Iris — your AI assistant","Ctrl+K keycap animation, assistant panel scales in with a soft glow, prompt types in letter by letter, a sparkles icon pulses."
7,shots/S07_00-30_notifications-bell.png,"Header",00:30,00:34,4,"Уведомления: новые лиды, сообщения, пропущенные звонки, дедлайны и события — ничего не потеряется.","Notifications","Bell icon shakes, badge counter pops, dropdown unfolds and notification rows slide in one by one."
8,shots/S08_00-34_language-switch.png,"Header",00:34,00:38,4,"Интерфейс на нескольких языках: немецкий, английский и украинский — переключение в один клик.","Multi-language","Language dropdown opens, flags flip like cards, UI text cross-fades to the selected language."
9,shots/S09_00-38_feed.png,"Collaboration",00:38,00:43,5,"Лента компании: новости, обсуждения, реакции и комментарии. Важное можно закрепить и адресовать нужным коллегам.","Company feed","Feed posts slide in from below one after another with a gentle bounce; emoji reactions pop above the posts with small particle bursts; pinned post gets a lime highlight pulse."
10,shots/S10_00-43_feed-news-filter.png,"Collaboration",00:43,00:47,4,"Фильтр «News» оставляет только официальные объявления — они же попадают на главный экран.","News & announcements","Filter chip 'News' lights up lime, non-news posts fade out and the remaining cards re-flow smoothly into place."
11,shots/S11_00-47_chat-inbox.png,"Collaboration",00:47,00:53,6,"Единый чат: Telegram, Viber, Messenger, WhatsApp и чат с сайта собраны в одном окне. Непрочитанные подсвечены, диалог привязан к карточке клиента.","All messengers in one inbox","Messenger icons (Telegram, Viber, Messenger, WhatsApp) fly in and merge into a single chat list; chat bubbles type in with a typing indicator; unread badge pulses."
12,shots/S12_00-53_chat-conversation.png,"Collaboration",00:53,00:58,5,"Открываем диалог и отвечаем клиенту прямо из CRM — текстом, голосом или файлом.","Reply from one place","Message bubbles appear sequentially, an outgoing lime bubble slides in from the right with a soft whoosh, microphone and attachment icons gently pulse."
13,shots/S13_00-58_dialer.png,"Collaboration",00:58,01:02,4,"Встроенный дозвон: звонки клиентам без выхода из CRM, история вызовов сохраняется в карточке.","Built-in dialer","Floating lime dial button expands into a dial pad with a smooth scale-up; digits light up one by one as a phone number is entered."
14,shots/S14_01-02_calendar-month.png,"Collaboration",01:02,01:08,6,"Календарь объединяет встречи, дедлайны и задачи. Цвет события — тип активности; есть личный и общий календарь компании.","Calendar with meetings and deadlines","Calendar grid assembles cell by cell; colored event chips drop into their days with a light bounce; today's cell gets a lime outline pulse."
15,shots/S15_01-08_calendar-company.png,"Collaboration",01:08,01:12,4,"Переключаемся на общий календарь компании — видно загрузку всей команды.","Shared company calendar","Tab highlight slides from 'My Calendar' to 'Company Calendar'; event chips cross-fade into the shared set."
16,shots/S16_01-12_documents.png,"Collaboration",01:12,01:17,5,"Онлайн-документы: папки, файлы и Google Docs в одном месте, а ещё подключение Google Drive и OneDrive.","Online documents","Folder icons pop in, file rows slide from the left in a stagger; storage usage bar fills smoothly to its value."
17,shots/S17_01-17_documents-grid.png,"Collaboration",01:17,01:21,4,"Режим «Сетка» — удобно просматривать файлы как карточки.","Grid view","List rows morph into a card grid with a fluid layout animation, cards scale up slightly one by one."
18,shots/S18_01-21_mail-inbox.png,"Collaboration",01:21,01:27,6,"Веб-почта внутри CRM: Gmail, Outlook, Yahoo, iCloud или любой IMAP. Письма клиентов автоматически превращаются в лиды и ложатся в карточки.","Email inside your CRM","Envelope icons fly into the inbox list, unread rows highlight with a lime dot, a star toggles on with a spark."
19,shots/S19_01-27_mail-message.png,"Collaboration",01:27,01:32,5,"Открываем письмо и отвечаем, не переключаясь между приложениями.","Read and reply","Selected email expands into a reading pane with a smooth slide; text lines reveal progressively; reply button glows."
20,shots/S20_01-32_mail-compose.png,"Collaboration",01:32,01:37,5,"Новое письмо: адресат, тема, текст — и отправка прямо из CRM, с привязкой к клиенту.","Compose an email","Compose window slides up from the bottom, cursor blinks, subject and body type in, send button glows lime."
21,shots/S21_01-37_crm-kanban.png,"CRM",01:37,01:44,7,"Воронка продаж в формате канбан: от нового лида до выигранной сделки. Карточки перетаскиваются между этапами.","Sales pipeline","Columns build from left to right with a chevron wipe; a deal card lifts, drags across to the next stage with a motion trail and drops with a subtle settle."
22,shots/S22_01-44_crm-list.png,"CRM",01:44,01:49,5,"Те же сделки списком — с сортировкой, фильтрами и массовыми действиями.","List view","Kanban columns collapse into table rows with a fluid morph; header columns slide in and rows stagger-fade."
23,shots/S23_01-49_crm-deal-card.png,"CRM",01:49,01:55,6,"Карточка сделки: клиент, ответственный, сумма, история активностей — звонки, письма, заметки и задачи в одной ленте.","Deal details & activity timeline","Deal card opens as a side panel with a smooth slide-in; timeline entries (call, email, note) appear top to bottom with connecting line drawing between them."
24,shots/S24_01-55_crm-add-deal.png,"CRM",01:55,02:00,5,"Создать сделку можно в один клик прямо в нужной колонке.","Create a deal in one click","Plus button pulses, a modal scales up from the button with blurred backdrop, form fields fill themselves with typing animation."
25,shots/S25_02-00_crm-contacts.png,"CRM",02:00,02:06,6,"База контактов: должности, компании, источники и заметки. Поиск и фильтры по любому полю.","Contacts database","Table rows cascade in with avatars popping; search field expands and filters rows with a quick shuffle."
26,shots/S26_02-06_crm-contact-card.png,"CRM",02:06,02:12,6,"Карточка контакта: вся переписка, звонки и сделки клиента — полная история отношений.","360° customer card","Profile header fades in with avatar scale, tabs underline slides, activity feed items appear one by one with soft glow."
27,shots/S27_02-12_crm-companies.png,"CRM",02:12,02:17,5,"Компании-клиенты: реквизиты, кредитный лимит, условия оплаты и все связанные контакты.","Companies","Company cards flip in sequentially, credit-limit meters fill, tags fade in."
28,shots/S28_02-17_crm-company-card.png,"CRM",02:17,02:22,5,"Карточка компании: данные, сотрудники клиента, договоры и счета.","Company profile","Company header and details panels slide in from opposite sides and snap into place; linked records chips pop in."
29,shots/S29_02-22_company-employees.png,"My company",02:22,02:27,5,"Раздел «Моя компания»: сотрудники, должности, отделы и внутренние номера.","Team directory","Employee rows stagger in, avatars initial circles pop, hover highlight sweeps down the table."
30,shots/S30_02-27_company-invite.png,"My company",02:27,02:31,4,"Приглашаем нового сотрудника по e-mail и сразу задаём роль и доступ к разделам.","Invite your team","Invite button glows, modal scales up, email field types in an address, role dropdown opens."
31,shots/S31_02-31_company-knowledge.png,"My company",02:31,02:36,5,"База знаний: регламенты, скрипты продаж и инструкции по темам — новичок быстро входит в курс дела.","Knowledge base","Knowledge article cards fan out like a deck then settle into a grid; category tabs underline slides."
32,shots/S32_02-36_tasks-list.png,"Tasks & projects",02:36,02:42,6,"Задачи и проекты: список с дедлайнами, ответственными и статусом. Просроченное подсвечено красным.","Tasks","Task rows slide in, checkboxes tick with a lime check animation, overdue badges flash red once."
33,shots/S33_02-42_tasks-deadline.png,"Tasks & projects",02:42,02:46,4,"Режим «Дедлайн» — задачи, сгруппированные по срокам.","Group by deadline","Rows regroup into time buckets (today, tomorrow, later) with fluid reordering motion."
34,shots/S34_02-46_tasks-planner.png,"Tasks & projects",02:46,02:51,5,"Планировщик показывает загрузку по дням — удобно распределять работу.","Planner","Week columns appear, task chips drop into days and resize to their durations."
35,shots/S35_02-51_tasks-add.png,"Tasks & projects",02:51,02:56,5,"Новая задача создаётся за секунды: название, срок, ответственный, привязка к сделке или проекту.","Create a task","Add Task button pulses, modal rises with blur, fields autofill with typing animation, create button glows."
36,shots/S36_02-56_projects.png,"Tasks & projects",02:56,03:01,5,"Проекты со статусом, цветом и сроками. Задачи привязываются к проекту.","Projects","Project cards in different accent colors slide in with progress bars filling."
37,shots/S37_03-01_accounting-overview.png,"Accounting",03:01,03:08,7,"Бухгалтерия: выручка, неоплаченные и просроченные счета, расходы и прибыль — на одном экране, с графиком по месяцам.","Real-time finance overview","KPI numbers count up from zero; bar chart columns grow upward in a wave from January to October; profit figure glows lime."
38,shots/S38_03-08_accounting-invoices.png,"Accounting",03:08,03:14,6,"Счета: статусы «оплачен», «отправлен», «просрочен», PDF в один клик и автоматические напоминания.","Invoices","Invoice rows stagger in with status pills changing color (draft, sent, paid, overdue); a PDF icon flips out of a row."
39,shots/S39_03-14_accounting-quotes.png,"Accounting",03:14,03:18,4,"Коммерческие предложения с версиями и сроком действия — принятое превращается в заказ.","Quotes","Quote card flips and converts into an order card with a lime arrow transition."
40,shots/S40_03-18_accounting-orders.png,"Accounting",03:18,03:22,4,"Заказы с накладными и статусами доставки.","Orders","Order status chips progress from Confirmed to Shipped to Delivered with a moving highlight."
41,shots/S41_03-22_accounting-contracts.png,"Accounting",03:22,03:26,4,"Договоры: суммы, сроки и статус подписания.","Contracts","Contract rows fade in, a signature stroke draws on a 'signed' row."
42,shots/S42_03-26_accounting-recurring.png,"Accounting",03:26,03:30,4,"Регулярные счета выставляются сами по расписанию.","Recurring invoices","A circular arrow loops around invoice rows; next-run dates tick forward."
43,shots/S43_03-30_accounting-dunning.png,"Accounting",03:30,03:34,4,"Автоматические напоминания и уровни Mahnung — деньги возвращаются быстрее.","Dunning","Escalation steps light up level by level from friendly reminder to final notice."
44,shots/S44_03-34_accounting-expenses.png,"Accounting",03:34,03:39,5,"Расходы по категориям: аренда, ПО, реклама, зарплаты. Видно, куда уходят деньги.","Expenses","Expense rows slide in, category tags color-code, totals tick up at the bottom."
45,shots/S45_03-39_accounting-assets.png,"Accounting",03:39,03:43,4,"Основные средства и амортизация считаются автоматически.","Fixed assets","Asset cards appear and a depreciation curve draws downward."
46,shots/S46_03-43_accounting-bank.png,"Accounting",03:43,03:49,6,"Банк и касса: выписки сопоставляются со счетами — оплаты закрываются автоматически.","Bank reconciliation","Bank transactions on the left snap to matching invoices on the right with glowing connector lines."
47,shots/S47_03-49_accounting-products.png,"Accounting",03:49,03:54,5,"Каталог товаров и услуг: цены, налоги и складские остатки.","Products & stock","Product tiles pop in, stock level bars fill, a low-stock indicator pulses amber."
48,shots/S48_03-54_accounting-ustva.png,"Accounting",03:54,03:59,5,"Налоговая отчётность Германии: UStVA формируется из ваших данных.","German VAT return","Tax form fields fill in automatically one after another, totals highlight in lime."
49,shots/S49_03-59_accounting-bwa.png,"Accounting",03:59,04:04,5,"Отчёты BWA и SuSa — для бухгалтера и налоговой в пару кликов.","Financial reports","Report table builds row by row, subtotal rows highlight, a chart sparkline draws in the margin."
50,shots/S50_04-04_marketing-start.png,"Marketing",04:04,04:09,5,"Маркетинг: e-mail, SMS, мессенджеры, голосовые рассылки и реклама Facebook, Google, LinkedIn — запуск кампании с одной страницы.","Launch campaigns in every channel","Channel tiles pop in with icons bouncing, hover glow travels across the grid."
51,shots/S51_04-09_marketing-campaigns.png,"Marketing",04:09,04:14,5,"Кампании со статусом, сегментом и числом получателей.","Campaigns","Campaign rows slide in, status pills (draft, scheduled, sent) colorize, recipient counts tick up."
52,shots/S52_04-14_marketing-ads.png,"Marketing",04:14,04:19,5,"Рекламные объявления и бюджеты по платформам.","Ads","Platform logos fade in per row, budget bars fill proportionally."
53,shots/S53_04-19_marketing-segments.png,"Marketing",04:19,04:23,4,"Сегменты аудитории для точных рассылок.","Audience segments","Bubbles of different sizes (segments) float in and settle, sizes reflect contact counts."
54,shots/S54_04-23_marketing-boost.png,"Marketing",04:23,04:27,4,"Sales Boost — акции, бандлы и программы лояльности.","Sales boost","Promo badges (percent, bundle, loyalty) burst in with light confetti sparks."
55,shots/S55_04-27_marketing-templates.png,"Marketing",04:27,04:31,4,"Шаблоны писем и сообщений — один раз написали, используете везде.","Templates","Template cards stack and fan out, a text preview types into one card."
56,shots/S56_04-31_automation-rules.png,"Automation",04:31,04:37,6,"Автоматизация: «если случилось событие — выполни действие». Новый лид — создать задачу, сделка выиграна — уведомить команду, счёт просрочен — отправить письмо.","No-code automation rules","Rule cards appear; a glowing line connects trigger → delay → action nodes in sequence, pulses travel along the line."
57,shots/S57_04-37_automation-add-rule.png,"Automation",04:37,04:42,5,"Правило собирается за минуту: событие, задержка, действие и текст с переменными.","Build a rule in a minute","Rule builder modal opens; dropdowns for event, timing and action fill in sequentially, variable chips snap into the message field."
58,shots/S58_04-42_automation-variables.png,"Automation",04:42,04:46,4,"Переменные и константы подставляются в тексты автоматически.","Variables & constants","Curly-brace tokens {{name}} morph into real values in a sample message."
59,shots/S59_04-46_automation-logs.png,"Automation",04:46,04:50,4,"Журнал запусков показывает, какие правила сработали и чем закончились.","Run history","Log rows stream in from the top, success rows glow green, an error row flashes red once."
60,shots/S60_04-50_upgrade-plans.png,"Plans",04:50,04:55,5,"Тарифы: Free, Standard и Professional — от личной воронки до полной платформы без ограничений.","Simple plans","Three pricing cards rise in sequence, the highlighted middle card lifts and glows lime."
61,shots/S61_04-55_settings-account.png,"Settings",04:55,04:59,4,"Настройки профиля: данные, фото, язык и пароль.","Account settings","Profile form fields fade in, avatar circle scales up with a soft ring pulse."
62,shots/S62_04-59_settings-notifications.png,"Settings",04:59,05:03,4,"Уведомления: выбираем, о чём и как узнавать — в приложении, по почте или в Telegram.","Notifications","Toggle switches flip one by one from off to on with lime transitions."
63,shots/S63_05-03_settings-integrations.png,"Settings",05:03,05:09,6,"Интеграции: телефония, SMS, Viber, Telegram, Messenger, WhatsApp, онлайн-чат для сайта, службы доставки, платежи и маркетплейсы.","Integrations","Integration logos orbit then settle into a grid; connection lines light up between the CRM core and each service."
64,shots/S64_05-09_settings-colleagues.png,"Settings",05:09,05:13,4,"Коллеги: добавляем сотрудников и управляем их данными.","Colleagues","Employee rows stagger in; add-employee button pulses once."
65,shots/S65_05-13_settings-team.png,"Settings",05:13,05:18,5,"Команда и доступ: роли владельца, админа, менеджера, сотрудника и наблюдателя, выборочный доступ к разделам.","Roles & permissions","Role badges slide in; permission checkboxes toggle on and off in a wave across the matrix."
66,shots/S66_05-18_settings-import.png,"Settings",05:18,05:23,5,"Импорт данных из CSV и Excel: товары, контакты, компании, остатки и проводки DATEV — переезд в CRM без ручного ввода.","Import your data","A file icon drops onto the dropzone, a progress ring fills, rows stream into a table below."
67,shots/S67_05-23_admin-panel.png,"Admin",05:23,05:28,5,"Панель администратора платформы: проверки, журнал ошибок и управление разделами — полный контроль над системой.","Admin & monitoring","Health-check indicators run through a sequence turning green; log lines scroll subtly."
68,shots/S68_05-28_outro-card.png,"Outro",05:28,05:33,5,"Firmspace CRM: всё для роста бизнеса в одном месте. Попробуйте бесплатно — тариф Free доступен уже сегодня.","Try Firmspace CRM — free plan available","Logo and tagline fade in over a slow-moving lime gradient; a call-to-action button pulses once with a ripple; camera slowly pulls back and fades to black."