product,market,category,features_vs_ours,pricing,terms_for_accountants,terms_for_banks,regulatory_notes,source_url,checked_on
Lexware Office (lexoffice),DE,учёт малого бизнеса (облако),"Счета, расходы, банк, UStVA/EÜR; у нас то же плюс CRM, задачи, роботы и чат в одном кабинете; прямой отправки в ELSTER у нас нет","S 7,90 / M 12,90 / L 21,90 / XL 32,90 € в месяц без НДС; на странице акция −50% на 3 месяца (3,95 / 6,45 / 10,95 / 16,45 €); ежемесячная отмена, минимального срока нет",Доступ налогового консультанта бесплатный по приглашению (нужно право «Администрирование»); приглашение живёт 7 дней; доступ нельзя ограничить отдельными разделами,не найдено,не проверялось,https://www.lexware.de/preise/ ; https://help.lexware.de/de-form/articles/548601-steuerberater-zugang-fur-deinen-account-einrichten,2026-10-08
sevdesk,DE,учёт малого бизнеса (облако),"Счета, бухгалтерия, банк, ELSTER-UStVA (в тарифе «Buchhaltung»), REST API только в Pro; у нас CRM, роботы и практики для бухгалтера","Free 0 € (3 счёта в месяц); Rechnung 8,90–11,90 €; Buchhaltung 19,90–25,90 €; Buchhaltung Pro 27,90–34,90 € в месяц (зависит от срока 1/12/24 мес.), на странице текущие акционные цены ниже; один пользователь, доп. пользователь 5,90 €/мес","Приглашение консультанта, экспорт в формате DATEV, интерфейсы DATEV/ADDISON; детали по тарифам нужно сверять на странице",не найдено,"Сторонний источник: для GmbH/UG одного sevdesk недостаточно, нужен DATEV или аналог (не проверено)",https://sevdesk.de/preise/ ; https://trusted.de/sevdesk-kosten,2026-10-08
BuchhaltungsButler,DE,бухгалтерия с банком и DATEV,"Автоматизация сверки, finAPI, форматы DATEV; у нас сверка по правилам, пакеты с откатом, практики","Light 29,90 / Smart 34,90 / Premium 59,90 € в месяц (годовой контракт); тариф для налоговых консультантов — по запросу (сторонние обзоры)","Отдельное решение для консультантов, цена по запросу",finAPI в списке интерфейсов (сторонний обзор),не проверялось,https://www.gruenderkueche.de/empfehlungen/buchhaltungsbutler-im-test/ ; https://www.taxandbytes.de/tools/buchhaltung-rechnungswesen/buchhaltungsbutler,2026-10-08
DATEV Unternehmen online,DE,портал обмена документами клиент—консультант,"Обмен документами, e-Rechnung EN 16931, кассы GoBD; у нас та же роль «бухгалтер» в кабинете клиента, но без экосистемы DATEV","11,56 € в месяц по каталогу DATEV (в стороннем обзоре ~50 € — расхождение, нужно проверить в магазине)",Покупается через консультанта-члена DATEV; сам предприниматель не может купить; сторонние программы подключаются через DATEVconnect online,не найдено,Консультанты Германии работают в экосистеме DATEV — главный барьер входа для практик,https://www.datev.de/web/de/datev-shop/komplettloesungen/datev-unternehmen-online/,2026-10-08
Checkbox,UA,программный РРО (ПРРО),"Фискальные чеки, терминал, 200+ интеграций; у нас ПРРО подключается как интеграция Checkbox","Стандарт 249 грн/мес за кассу (348 грн с 19.10.2026); Расширенный 294 грн (393 грн с 19.10.2026); Enterprise по запросу; 30 дней бесплатно; эквайринг 1,3%; аренда терминала 498 грн/мес",не найдено,"Эквайринг 1,3% с платежа (собственный банковский канал)",ПРРО обязателен для ФОП по закону; перед использованием проверить актуальные требования ДПС,https://checkbox.ua/pricing,2026-10-08
"Вчасно (ЕДО, Звіт, Каса)",UA,"электронный документооборот, отчётность, ПРРО","Обмен документами с ДПС и контрагентами; у нас выгрузки реестров, прямой отправки в ДПС нет","не найдено: страница тарифов отдаёт 403 для автоматического чтения, поисковая выдача цен не содержит — проверить вручную на vchasno.ua",не найдено,не найдено,Хранение оригиналов электронных документов обычно оплачивается отдельно (консультация 7eminar.ua),https://vchasno.ua ; https://i.factor.ua/ukr/promo/yak-fopu-ne-zagupitisya-u-zvitnosti.html,2026-10-08
M.E.Doc,UA,"звітність, ЕДО, облік ПДВ",Подача звітности в ДПС; у нас реестры и книга доходов как выгрузка,"Годовая лицензия по модулям («Звітність», «Облік ПДВ», «ЕДО розширений», iXBRL); модуль ЕДО ~2150 грн/год (обзор, мог устареть); официального прайса не найдено",Интеграция через API с 1С/BAS/SAP и др. (требует настройки),не найдено,Сроки и формы подачи отчётности — на стороне ДПС,https://medoc.ua ; https://finance.ua/ua/goodtoknow/yakyi-servis-edo-pidiide-vashomu-biznesu-ohliad,2026-10-08
Didox,UZ,оператор электронных счетов-фактур (ЭСФ),"Приём и отправка ЭСФ с ЭЦП; у нас v1 только готовит данные и выгружает CSV, отправки оператору нет","Официальных тарифов не найдено; в статье 2019 года: четыре тарифа, абонплаты нет, входящие бесплатно (цена исходящего не подтверждена)","API для интеграторов существует; для доступа нужны логин, пароль и партнёрский токен, который выдаёт Didox (сведения из неофициального npm-пакета — подтвердить у Didox)",не найдено,ЭСФ обязательны с 1.01.2020; с 1.07.2026 при ЭСФ на товары с цифровой маркировкой система проверяет коды (buxgalter.uz),https://didox.uz ; https://www.spot.uz/ru/2019/12/30/factures/ ; https://www.npmjs.com/package/didox,2026-10-08
Faktura.uz,UZ,оператор электронных счетов-фактур (ЭСФ),Аналогично Didox; есть API и модули для 1С,"Данные 2019 года: семь тарифов от 0 до 1,5 млн сум/мес, от 5 до 2500 ЭСФ в пакете, сверх пакета 600–900 сум за ЭСФ; текущих цен не найдено",API и готовые модули для 1С упомянуты; условия доступа не найдены,не найдено,Оператор: ООО «SPACE ONLINE GENESIS»,https://faktura.uz ; https://www.spot.uz/ru/2019/12/30/factures/,2026-10-08
Payme / Click (платёжные системы),UZ,приём оплат онлайн,"Не конкуренты, а провайдеры: у нас оплата по ссылке пока планируется (статус planned)",Комиссии и тарифы не найдены,"Каждый мерчант заключает договор со своим провайдером; Payme — Merchant API на JSON-RPC, Click — SHOP API и Merchant API; агрегаторы (например Multicard) дают один договор на несколько систем, комиссия до 2% (сторонний источник)",не найдено,Условия проверять на business.payme.uz и merchant.click.uz,https://www.spot.uz/ru/2022/06/10/payme-business ; https://www.bitrix24.ru/apps/app/vebpult.multicard_uzbekistan/,2026-10-08
