Назва;Артикул;Тип;Одиниця;Ціна закупівлі;Ціна продажу;ПДВ;Залишок;Мінімум;УКТ ЗЕД;Вага;Країна
Дошка дубова 40 мм;MAT-DOSKA;товар;м²;850;0;20;120;20;4407;12;UA
Брус сосновий 50×50;MAT-BRUS;товар;м;90;0;20;400;50;4407;2;UA
Лак поліуретановий;MAT-LAK;товар;л;320;0;20;60;10;3208;1;UA
Фурнітура (комплект);MAT-FURN;товар;компл;240;0;20;40;5;8302;0,8;UA
Стільниця дубова;INT-TOP;товар;шт;0;3200;20;0;0;9403;18;UA
Ніжка дубова;INT-LEG;товар;шт;0;450;20;0;0;9403;2,2;UA
Стіл обідній «Дуб»;FG-TABLE;товар;шт;0;12500;20;0;0;9403;30;UA
Шафа «Дуб»;FG-CABINET;товар;шт;0;18500;20;0;0;9403;55;UA
Доставка по Києву;SRV-DELIVERY;послуга;послуга;0;800;20;;;;
Складання меблів;SRV-ASSEMBLY;послуга;год;0;600;20;;;;
