Виріб;Артикул виробу;Компонент;Артикул компонента;Норма;Угар;Накладні
Стіл обідній «Дуб»;FG-TABLE;Стільниця дубова;INT-TOP;1;0;15
Стіл обідній «Дуб»;FG-TABLE;Ніжка дубова;INT-LEG;4;0;
Стіл обідній «Дуб»;FG-TABLE;Фурнітура (комплект);MAT-FURN;1;0;
Стільниця дубова;INT-TOP;Дошка дубова 40 мм;MAT-DOSKA;2;10;
Стільниця дубова;INT-TOP;Лак поліуретановий;MAT-LAK;0,2;10;
Ніжка дубова;INT-LEG;Брус сосновий 50×50;MAT-BRUS;0,5;5;
Шафа «Дуб»;FG-CABINET;Стільниця дубова;INT-TOP;1;0;10
Шафа «Дуб»;FG-CABINET;Дошка дубова 40 мм;MAT-DOSKA;3;5;
Шафа «Дуб»;FG-CABINET;Фурнітура (комплект);MAT-FURN;2;0;
